sid,run,template,seed,outcome,contact,impact_speed_ms,ttc_min_s,min_clearance_m,speed_at_crit_ms,ego_vmax_ms,t_crit_s,n_steps
0,0,lead_decel,20260806,completed,0,0.0,0.5124,0.8556,2.7044,4.1881,11.2,801
0,1,lead_decel,20260807,completed,0,0.0,0.6837,1.3891,3.1584,4.2286,11.3,801
0,2,lead_decel,20260808,completed,0,0.0,0.6734,1.2763,2.6925,4.1815,11.3,801
0,3,lead_decel,20260809,completed,0,0.0,0.6159,1.2047,3.2822,4.1958,12.3,801
0,4,lead_decel,20260810,completed,0,0.0,0.6003,1.1204,3.0754,4.2263,12.5,801
1,0,lead_decel,20261806,completed,0,0.0,0.778,1.6528,3.0681,4.21,3.65,801
1,1,lead_decel,20261807,completed,0,0.0,0.7168,1.4933,3.2186,4.1472,3.7,801
1,2,lead_decel,20261808,completed,0,0.0,0.781,1.6581,3.0607,4.2101,3.65,801
1,3,lead_decel,20261809,completed,0,0.0,0.6732,1.3995,3.278,4.2464,3.7,801
1,4,lead_decel,20261810,completed,0,0.0,0.7647,1.6527,3.2159,4.2275,3.65,801
2,0,lead_decel,20262806,completed,0,0.0,0.6369,1.2764,3.2723,4.1913,13.5,801
2,1,lead_decel,20262807,completed,0,0.0,0.5943,1.1174,3.0529,4.1878,13.6,801
2,2,lead_decel,20262808,completed,0,0.0,0.6143,1.2184,3.5316,4.1843,13.05,801
2,3,lead_decel,20262809,completed,0,0.0,0.5795,1.0934,3.4392,4.1948,13.15,801
2,4,lead_decel,20262810,completed,0,0.0,0.7133,1.5202,3.4678,4.1921,13.35,801
3,0,lead_decel,20263806,completed,0,0.0,0.5528,1.0013,2.9943,4.191,3.55,801
3,1,lead_decel,20263807,completed,0,0.0,0.5409,0.9572,3.0368,4.2104,3.55,801
3,2,lead_decel,20263808,completed,0,0.0,0.6512,1.2894,3.2815,4.1997,3.55,801
3,3,lead_decel,20263809,completed,0,0.0,0.6966,1.4124,3.1004,4.2703,3.55,801
3,4,lead_decel,20263810,completed,0,0.0,0.5247,0.91,3.0958,4.1909,3.55,801
4,0,lead_decel,20264806,completed,0,0.0,0.7152,1.561,3.426,4.2327,4.8,801
4,1,lead_decel,20264807,completed,0,0.0,0.7633,1.7014,3.4605,4.2345,4.65,801
4,2,lead_decel,20264808,completed,0,0.0,0.7396,1.6157,3.4973,4.1885,4.75,801
4,3,lead_decel,20264809,completed,0,0.0,0.7816,1.7257,3.2932,4.2617,4.65,801
4,4,lead_decel,20264810,completed,0,0.0,0.7453,1.6016,3.2915,4.1768,4.85,801
5,0,lead_decel,20265806,completed,0,0.0,6.7641,12.5554,2.1426,4.21,0.05,801
5,1,lead_decel,20265807,completed,0,0.0,6.7641,12.388,2.1426,4.1909,0.05,801
5,2,lead_decel,20265808,completed,0,0.0,6.7641,12.7881,2.1426,4.1971,0.05,801
5,3,lead_decel,20265809,completed,0,0.0,6.7641,12.5672,2.1426,4.2425,0.05,801
5,4,lead_decel,20265810,completed,0,0.0,6.7641,12.4979,2.1426,4.1888,0.05,801
6,0,lead_decel,20266806,completed,0,0.0,9.3706,19.9645,2.1426,4.2122,0.05,801
6,1,lead_decel,20266807,completed,0,0.0,9.3706,19.9645,2.1426,4.1901,0.05,801
6,2,lead_decel,20266808,completed,0,0.0,9.3706,19.9645,2.1426,4.1974,0.05,801
6,3,lead_decel,20266809,completed,0,0.0,9.3706,19.9645,2.1426,4.1922,0.05,801
6,4,lead_decel,20266810,completed,0,0.0,9.3706,19.9645,2.1426,4.1987,0.05,801
7,0,lead_decel,20267806,completed,0,0.0,8.1372,17.3219,2.1426,4.1845,0.05,801
7,1,lead_decel,20267807,completed,0,0.0,8.1372,17.3219,2.1426,4.202,0.05,801
7,2,lead_decel,20267808,completed,0,0.0,8.1372,17.3219,2.1426,4.1867,0.05,801
7,3,lead_decel,20267809,completed,0,0.0,8.1372,17.3219,2.1426,4.1989,0.05,801
7,4,lead_decel,20267810,completed,0,0.0,8.1372,17.3219,2.1426,4.2066,0.05,801
8,0,lead_decel,20268806,completed,0,0.0,10.0,22.7681,2.1426,4.2049,0.05,801
8,1,lead_decel,20268807,completed,0,0.0,10.0,22.7681,2.1426,4.2034,0.05,801
8,2,lead_decel,20268808,completed,0,0.0,10.0,22.7681,2.1426,4.2359,0.05,801
8,3,lead_decel,20268809,completed,0,0.0,10.0,22.7681,2.1426,4.1965,0.05,801
8,4,lead_decel,20268810,completed,0,0.0,10.0,22.7681,2.1426,4.1864,0.05,801
9,0,lead_decel,20269806,completed,0,0.0,10.0,23.4074,2.1426,4.1829,0.05,801
9,1,lead_decel,20269807,completed,0,0.0,10.0,23.5465,2.1426,4.1997,0.05,801
9,2,lead_decel,20269808,completed,0,0.0,10.0,23.8961,2.1426,4.1918,0.05,801
9,3,lead_decel,20269809,completed,0,0.0,10.0,23.1983,2.1426,4.1914,0.05,801
9,4,lead_decel,20269810,completed,0,0.0,10.0,23.5235,2.1426,4.2011,0.05,801
10,0,lead_decel,20270806,completed,0,0.0,10.0,34.6318,2.1426,4.1853,0.05,801
10,1,lead_decel,20270807,completed,0,0.0,10.0,34.6318,2.1426,4.2109,0.05,801
10,2,lead_decel,20270808,completed,0,0.0,10.0,34.6318,2.1426,4.2067,0.05,801
10,3,lead_decel,20270809,completed,0,0.0,10.0,34.6318,2.1426,4.2101,0.05,801
10,4,lead_decel,20270810,completed,0,0.0,10.0,34.6318,2.1426,4.1898,0.05,801
11,0,lead_decel,20271806,completed,0,0.0,6.5165,13.8493,2.1426,4.1911,0.05,801
11,1,lead_decel,20271807,completed,0,0.0,6.5165,13.8493,2.1426,4.2232,0.05,801
11,2,lead_decel,20271808,completed,0,0.0,6.5165,13.8493,2.1426,4.2081,0.05,801
11,3,lead_decel,20271809,completed,0,0.0,6.5165,13.8493,2.1426,4.1902,0.05,801
11,4,lead_decel,20271810,completed,0,0.0,6.5165,13.8493,2.1426,4.2025,0.05,801
12,0,lead_decel,20272806,completed,0,0.0,0.5662,1.0403,3.256,4.2604,13.45,801
12,1,lead_decel,20272807,completed,0,0.0,0.549,0.9937,2.998,4.2101,13.65,801
12,2,lead_decel,20272808,completed,0,0.0,0.6448,1.3216,3.4308,4.1746,13.1,801
12,3,lead_decel,20272809,completed,0,0.0,0.6166,1.2273,3.5557,4.2108,13.15,801
12,4,lead_decel,20272810,completed,0,0.0,0.595,1.1558,3.3589,4.18,13.25,801
13,0,lead_decel,20273806,completed,0,0.0,0.7146,1.4358,3.0382,4.178,20.25,801
13,1,lead_decel,20273807,completed,0,0.0,0.5588,1.0013,3.2172,4.1831,20.75,801
13,2,lead_decel,20273808,completed,0,0.0,0.5955,1.1052,3.0732,4.2011,20.75,801
13,3,lead_decel,20273809,completed,0,0.0,0.5548,0.9679,2.6835,4.1943,20.5,801
13,4,lead_decel,20273810,completed,0,0.0,0.7044,1.3661,2.7091,4.195,20.45,801
14,0,lead_decel,20274806,completed,0,0.0,0.6723,1.4039,3.4642,4.2525,9.5,801
14,1,lead_decel,20274807,completed,0,0.0,0.5559,1.0119,3.1711,4.1902,9.35,801
14,2,lead_decel,20274808,completed,0,0.0,0.5552,1.015,3.1824,4.1916,9.75,801
14,3,lead_decel,20274809,completed,0,0.0,0.5225,0.9067,3.0313,4.2671,9.8,801
14,4,lead_decel,20274810,completed,0,0.0,0.5673,1.0605,3.3579,4.1715,9.4,801
15,0,lead_decel,20275806,completed,0,0.0,0.9413,2.4163,3.8558,4.2035,28.55,801
15,1,lead_decel,20275807,completed,0,0.0,0.7642,1.7397,3.5865,4.1966,27.85,801
15,2,lead_decel,20275808,completed,0,0.0,0.6474,1.3361,3.4872,4.1904,31.8,801
15,3,lead_decel,20275809,completed,0,0.0,0.7299,1.5443,3.2596,4.1894,27.75,801
15,4,lead_decel,20275810,completed,0,0.0,0.7358,1.5997,3.4728,4.2282,28.45,801
16,0,lead_decel,20276806,completed,0,0.0,10.0,15.1242,2.1426,4.2202,0.05,801
16,1,lead_decel,20276807,completed,0,0.0,10.0,14.5755,2.1426,4.2219,0.05,801
16,2,lead_decel,20276808,completed,0,0.0,10.0,14.575,2.1426,4.1944,0.05,801
16,3,lead_decel,20276809,completed,0,0.0,10.0,15.1512,2.1426,4.2101,0.05,801
16,4,lead_decel,20276810,completed,0,0.0,10.0,15.3513,2.1426,4.2101,0.05,801
17,0,lead_decel,20277806,completed,0,0.0,0.6767,1.4469,3.6752,4.1839,2.6,801
17,1,lead_decel,20277807,completed,0,0.0,0.673,1.4347,3.6984,4.1884,2.6,801
17,2,lead_decel,20277808,completed,0,0.0,0.6763,1.4428,3.6766,4.1843,2.6,801
17,3,lead_decel,20277809,completed,0,0.0,0.676,1.4419,3.6776,4.1852,2.6,801
17,4,lead_decel,20277810,completed,0,0.0,0.6009,1.1782,3.4988,4.1917,2.7,801
18,0,lead_decel,20278806,completed,0,0.0,10.0,32.8558,2.1426,4.213,0.05,801
18,1,lead_decel,20278807,completed,0,0.0,10.0,32.8558,2.1426,4.1936,0.05,801
18,2,lead_decel,20278808,completed,0,0.0,10.0,32.8558,2.1426,4.1921,0.05,801
18,3,lead_decel,20278809,completed,0,0.0,10.0,32.8558,2.1426,4.1853,0.05,801
18,4,lead_decel,20278810,completed,0,0.0,10.0,32.8558,2.1426,4.1878,0.05,801
19,0,lead_decel,20279806,completed,0,0.0,10.0,22.1475,2.1426,4.1918,0.05,801
19,1,lead_decel,20279807,completed,0,0.0,10.0,22.1475,2.1426,4.2113,0.05,801
19,2,lead_decel,20279808,completed,0,0.0,10.0,22.1475,2.1426,4.2013,0.05,801
19,3,lead_decel,20279809,completed,0,0.0,10.0,22.1475,2.1426,4.1847,0.05,801
19,4,lead_decel,20279810,completed,0,0.0,10.0,22.1475,2.1426,4.202,0.05,801
20,0,lead_decel,20280806,completed,0,0.0,0.6487,1.3316,3.3827,4.1732,4.75,801
20,1,lead_decel,20280807,completed,0,0.0,0.6604,1.3669,3.5562,4.1884,4.7,801
20,2,lead_decel,20280808,completed,0,0.0,0.6337,1.2857,3.4671,4.1757,4.75,801
20,3,lead_decel,20280809,completed,0,0.0,0.6486,1.3278,3.4308,4.1706,4.75,801
20,4,lead_decel,20280810,completed,0,0.0,0.6928,1.4752,3.4322,4.1847,4.7,801
21,0,lead_decel,20281806,completed,0,0.0,10.0,25.5479,2.1426,4.2379,0.05,801
21,1,lead_decel,20281807,completed,0,0.0,10.0,25.5479,2.1426,4.2067,0.05,801
21,2,lead_decel,20281808,completed,0,0.0,10.0,25.5479,2.1426,4.1968,0.05,801
21,3,lead_decel,20281809,completed,0,0.0,10.0,25.5479,2.1426,4.2349,0.05,801
21,4,lead_decel,20281810,completed,0,0.0,10.0,25.5479,2.1426,4.2132,0.05,801
22,0,lead_decel,20282806,completed,0,0.0,10.0,27.6189,2.1426,4.2156,0.05,801
22,1,lead_decel,20282807,completed,0,0.0,10.0,27.6189,2.1426,4.1879,0.05,801
22,2,lead_decel,20282808,completed,0,0.0,10.0,27.6189,2.1426,4.2182,0.05,801
22,3,lead_decel,20282809,completed,0,0.0,10.0,27.6189,2.1426,4.1978,0.05,801
22,4,lead_decel,20282810,completed,0,0.0,10.0,27.6189,2.1426,4.1967,0.05,801
23,0,lead_decel,20283806,completed,0,0.0,5.4044,11.4663,2.1426,4.1987,0.05,801
23,1,lead_decel,20283807,completed,0,0.0,5.4044,11.4663,2.1426,4.236,0.05,801
23,2,lead_decel,20283808,completed,0,0.0,5.4044,11.4663,2.1426,4.2006,0.05,801
23,3,lead_decel,20283809,completed,0,0.0,5.4044,11.4663,2.1426,4.2038,0.05,801
23,4,lead_decel,20283810,completed,0,0.0,5.4044,11.4663,2.1426,4.2148,0.05,801
24,0,lead_decel,20284806,completed,0,0.0,0.7225,1.4477,2.9348,4.1888,21.35,801
24,1,lead_decel,20284807,completed,0,0.0,0.665,1.3362,3.2499,4.2014,21.05,801
24,2,lead_decel,20284808,completed,0,0.0,0.8053,1.7519,3.1179,4.2104,21.45,801
24,3,lead_decel,20284809,completed,0,0.0,0.5874,1.073,2.9639,4.2003,21.25,801
24,4,lead_decel,20284810,completed,0,0.0,0.4707,0.762,2.809,4.1815,21.35,801
25,0,lead_decel,20285806,completed,0,0.0,0.7186,1.5062,3.3063,4.2333,3.15,801
25,1,lead_decel,20285807,completed,0,0.0,0.8474,2.0293,3.636,4.2671,2.95,801
25,2,lead_decel,20285808,completed,0,0.0,0.8689,1.8831,2.9367,4.1625,3.05,801
25,3,lead_decel,20285809,completed,0,0.0,0.815,1.8317,3.2936,4.1774,3.05,801
25,4,lead_decel,20285810,completed,0,0.0,0.7581,1.588,3.158,4.1831,3.05,801
26,0,lead_decel,20286806,completed,0,0.0,10.0,24.6288,2.1426,4.217,0.05,801
26,1,lead_decel,20286807,completed,0,0.0,10.0,24.6288,2.1426,4.1893,0.05,801
26,2,lead_decel,20286808,completed,0,0.0,10.0,24.6288,2.1426,4.1896,0.05,801
26,3,lead_decel,20286809,completed,0,0.0,10.0,24.6288,2.1426,4.2018,0.05,801
26,4,lead_decel,20286810,completed,0,0.0,10.0,24.6288,2.1426,4.2666,0.05,801
27,0,lead_decel,20287806,completed,0,0.0,10.0,21.4067,2.1426,4.199,0.05,801
27,1,lead_decel,20287807,completed,0,0.0,10.0,21.4067,2.1426,4.2014,0.05,801
27,2,lead_decel,20287808,completed,0,0.0,10.0,21.4067,2.1426,4.1983,0.05,801
27,3,lead_decel,20287809,completed,0,0.0,10.0,21.4067,2.1426,4.1826,0.05,801
27,4,lead_decel,20287810,completed,0,0.0,10.0,21.4067,2.1426,4.2026,0.05,801
28,0,lead_decel,20288806,completed,0,0.0,0.6592,1.3769,3.5943,4.1847,29.7,801
28,1,lead_decel,20288807,completed,0,0.0,0.5866,1.1193,3.2411,4.1949,29.35,801
28,2,lead_decel,20288808,completed,0,0.0,0.752,1.5273,3.0613,4.1833,30.55,801
28,3,lead_decel,20288809,completed,0,0.0,0.6753,1.325,2.9969,4.2488,29.75,801
28,4,lead_decel,20288810,completed,0,0.0,0.6634,1.3765,3.4054,4.1897,29.05,801
29,0,lead_decel,20289806,completed,0,0.0,0.5077,0.8387,2.836,4.1998,17.7,801
29,1,lead_decel,20289807,completed,0,0.0,0.4017,0.5697,2.5352,4.1895,17.9,801
29,2,lead_decel,20289808,completed,0,0.0,0.4927,0.8182,2.7678,4.1864,17.7,801
29,3,lead_decel,20289809,completed,0,0.0,0.7227,1.4642,3.1206,4.1847,17.65,801
29,4,lead_decel,20289810,completed,0,0.0,0.5549,0.9761,2.9904,4.1873,17.85,801
30,0,lead_stopped,20290806,completed,0,0.0,0.6057,1.1474,3.2675,4.1859,12.2,801
30,1,lead_stopped,20290807,completed,0,0.0,0.4228,0.627,2.6621,4.2528,12.3,801
30,2,lead_stopped,20290808,completed,0,0.0,0.4513,0.6937,2.5514,4.1797,12.45,801
30,3,lead_stopped,20290809,completed,0,0.0,0.4918,0.832,3.0045,4.1782,12.25,801
30,4,lead_stopped,20290810,completed,0,0.0,0.4831,0.7849,2.6977,4.1917,12.3,801
31,0,lead_stopped,20291806,completed,0,0.0,0.7029,1.4879,3.2276,4.2101,15.8,801
31,1,lead_stopped,20291807,completed,0,0.0,0.6546,1.3566,3.6446,4.198,15.7,801
31,2,lead_stopped,20291808,completed,0,0.0,0.5944,1.1428,3.4407,4.2313,15.8,801
31,3,lead_stopped,20291809,completed,0,0.0,0.6097,1.1585,3.013,4.2599,15.9,801
31,4,lead_stopped,20291810,completed,0,0.0,0.7314,1.5,3.0643,4.2007,15.8,801
32,0,lead_stopped,20292806,completed,0,0.0,0.547,0.9877,3.2756,4.1776,10.7,801
32,1,lead_stopped,20292807,completed,0,0.0,0.4125,0.6066,2.6539,4.2008,10.8,801
32,2,lead_stopped,20292808,completed,0,0.0,0.6285,1.262,3.4312,4.1755,10.5,801
32,3,lead_stopped,20292809,completed,0,0.0,0.4895,0.8076,2.8152,4.1985,10.75,801
32,4,lead_stopped,20292810,completed,0,0.0,0.585,1.1259,3.2306,4.1759,10.55,801
33,0,lead_stopped,20293806,completed,0,0.0,0.639,1.2995,3.3744,4.1713,3.85,801
33,1,lead_stopped,20293807,completed,0,0.0,0.7026,1.5053,3.3583,4.1615,3.8,801
33,2,lead_stopped,20293808,completed,0,0.0,0.6046,1.1849,3.3632,4.226,3.85,801
33,3,lead_stopped,20293809,completed,0,0.0,0.6073,1.198,3.2701,4.1884,3.9,801
33,4,lead_stopped,20293810,completed,0,0.0,0.7102,1.5202,3.3339,4.1598,3.8,801
34,0,lead_stopped,20294806,completed,0,0.0,0.4951,0.8262,2.8269,4.1767,10.35,801
34,1,lead_stopped,20294807,completed,0,0.0,0.6778,1.3775,3.2967,4.1991,10.15,801
34,2,lead_stopped,20294808,completed,0,0.0,0.4329,0.6534,2.6778,4.1876,10.4,801
34,3,lead_stopped,20294809,completed,0,0.0,0.6672,1.2854,2.8782,4.2485,10.25,801
34,4,lead_stopped,20294810,completed,0,0.0,0.6432,1.238,3.0896,4.1889,10.25,801
35,0,lead_stopped,20295806,completed,0,0.0,0.7094,1.5452,3.435,4.1675,5.8,801
35,1,lead_stopped,20295807,completed,0,0.0,0.645,1.3031,3.2628,4.1805,5.9,801
35,2,lead_stopped,20295808,completed,0,0.0,0.7659,1.7722,3.6723,4.1824,5.7,801
35,3,lead_stopped,20295809,completed,0,0.0,0.6404,1.284,3.2357,4.1795,5.9,801
35,4,lead_stopped,20295810,completed,0,0.0,0.6265,1.2451,3.2727,4.2428,5.9,801
36,0,lead_stopped,20296806,completed,0,0.0,0.791,1.6319,2.8233,4.2534,3.65,801
36,1,lead_stopped,20296807,completed,0,0.0,0.6204,1.1707,3.1065,4.183,3.7,801
36,2,lead_stopped,20296808,completed,0,0.0,0.7688,1.5941,2.9722,4.194,3.55,801
36,3,lead_stopped,20296809,completed,0,0.0,0.7727,1.6343,3.104,4.2085,3.5,801
36,4,lead_stopped,20296810,completed,0,0.0,0.7389,1.5153,3.015,4.2101,3.65,801
37,0,lead_stopped,20297806,completed,0,0.0,0.5299,0.9337,3.0934,4.1617,2.8,801
37,1,lead_stopped,20297807,completed,0,0.0,0.5276,0.9305,3.1002,4.1615,2.8,801
37,2,lead_stopped,20297808,completed,0,0.0,0.529,0.9376,3.0962,4.1613,2.8,801
37,3,lead_stopped,20297809,completed,0,0.0,0.5259,0.9172,3.1047,4.1612,2.8,801
37,4,lead_stopped,20297810,completed,0,0.0,0.5285,0.9328,3.0975,4.1617,2.8,801
38,0,lead_stopped,20298806,completed,0,0.0,0.6559,1.2442,2.8662,4.1877,6.5,801
38,1,lead_stopped,20298807,completed,0,0.0,0.7379,1.4327,2.7537,4.1773,6.45,801
38,2,lead_stopped,20298808,completed,0,0.0,0.6747,1.3243,3.0108,4.2099,6.55,801
38,3,lead_stopped,20298809,completed,0,0.0,0.8762,1.6856,2.3946,4.2384,6.45,801
38,4,lead_stopped,20298810,completed,0,0.0,0.8711,1.9548,3.1489,4.1912,6.25,801
39,0,lead_stopped,20299806,completed,0,0.0,0.5242,0.9252,3.1287,4.1871,13.4,801
39,1,lead_stopped,20299807,completed,0,0.0,0.6058,1.1252,2.9029,4.2483,13.3,801
39,2,lead_stopped,20299808,completed,0,0.0,0.5104,0.8737,3.0552,4.1737,13.4,801
39,3,lead_stopped,20299809,completed,0,0.0,0.6492,1.2798,3.289,4.2553,13.25,801
39,4,lead_stopped,20299810,completed,0,0.0,0.4861,0.7985,2.8315,4.2112,13.4,801
40,0,lead_stopped,20300806,completed,0,0.0,0.5148,0.8992,3.1336,4.1726,12.75,801
40,1,lead_stopped,20300807,completed,0,0.0,0.5502,1.0063,3.3162,4.2085,12.7,801
40,2,lead_stopped,20300808,completed,0,0.0,0.6898,1.4171,3.2916,4.2,12.45,801
40,3,lead_stopped,20300809,completed,0,0.0,0.554,0.9658,2.8169,4.1752,12.7,801
40,4,lead_stopped,20300810,completed,0,0.0,0.583,1.1239,3.3963,4.1749,12.65,801
41,0,lead_stopped,20301806,completed,0,0.0,0.6071,1.2031,3.3833,4.1762,11.35,801
41,1,lead_stopped,20301807,completed,0,0.0,0.3146,0.3748,2.024,4.2102,11.95,801
41,2,lead_stopped,20301808,completed,0,0.0,0.6233,1.2435,3.4867,4.1866,11.3,801
41,3,lead_stopped,20301809,completed,0,0.0,0.5853,1.1217,3.2853,4.2053,11.4,801
41,4,lead_stopped,20301810,completed,0,0.0,0.6326,1.2793,3.4608,4.1691,11.3,801
42,0,lead_stopped,20302806,completed,0,0.0,0.6753,1.4081,3.4863,4.2084,13.6,801
42,1,lead_stopped,20302807,completed,0,0.0,0.5968,1.1626,3.2223,4.2099,13.85,801
42,2,lead_stopped,20302808,completed,0,0.0,0.6508,1.3513,3.6356,4.2099,13.7,801
42,3,lead_stopped,20302809,completed,0,0.0,0.5126,0.885,3.1099,4.2101,13.95,801
42,4,lead_stopped,20302810,completed,0,0.0,0.6658,1.4037,3.6407,4.245,14.0,801
43,0,lead_stopped,20303806,completed,0,0.0,0.4956,0.832,2.8715,4.195,14.7,801
43,1,lead_stopped,20303807,completed,0,0.0,0.4883,0.8077,2.8591,4.1916,15.65,801
43,2,lead_stopped,20303808,completed,0,0.0,0.558,1.0364,3.3018,4.1899,14.6,801
43,3,lead_stopped,20303809,completed,0,0.0,0.6156,1.2212,3.5646,4.21,14.55,801
43,4,lead_stopped,20303810,completed,0,0.0,0.5438,0.993,3.1226,4.1998,15.0,801
44,0,lead_stopped,20304806,completed,0,0.0,0.6839,1.4531,3.4808,4.191,9.5,801
44,1,lead_stopped,20304807,completed,0,0.0,0.5948,1.0996,2.862,4.1835,9.7,801
44,2,lead_stopped,20304808,completed,0,0.0,0.6743,1.4288,3.4785,4.1906,9.5,801
44,3,lead_stopped,20304809,completed,0,0.0,0.6983,1.5069,3.4356,4.1746,9.5,801
44,4,lead_stopped,20304810,completed,0,0.0,0.6794,1.4428,3.4536,4.182,9.5,801
45,0,lead_stopped,20305806,completed,0,0.0,0.8312,2.0188,3.7109,4.21,16.6,801
45,1,lead_stopped,20305807,completed,0,0.0,0.5067,0.8626,3.0981,4.1865,17.8,801
45,2,lead_stopped,20305808,completed,0,0.0,0.6613,1.2637,2.7973,4.2718,16.9,801
45,3,lead_stopped,20305809,completed,0,0.0,0.5191,0.8859,3.1486,4.21,17.0,801
45,4,lead_stopped,20305810,completed,0,0.0,0.6506,1.2602,3.087,4.1876,17.55,801
46,0,lead_stopped,20306806,completed,0,0.0,0.6679,1.4028,3.5571,4.1775,4.75,801
46,1,lead_stopped,20306807,completed,0,0.0,0.6731,1.4253,3.5491,4.1719,4.75,801
46,2,lead_stopped,20306808,completed,0,0.0,0.6121,1.2132,3.3096,4.1675,4.85,801
46,3,lead_stopped,20306809,completed,0,0.0,0.6031,1.1771,3.34,4.1696,4.85,801
46,4,lead_stopped,20306810,completed,0,0.0,0.6761,1.4348,3.534,4.176,4.75,801
47,0,lead_stopped,20307806,completed,0,0.0,0.6295,1.2679,3.3027,4.1774,7.65,801
47,1,lead_stopped,20307807,completed,0,0.0,0.6155,1.213,3.3156,4.1772,7.65,801
47,2,lead_stopped,20307808,completed,0,0.0,0.6423,1.318,3.4559,4.1653,7.6,801
47,3,lead_stopped,20307809,completed,0,0.0,0.6242,1.2513,3.3014,4.1685,7.65,801
47,4,lead_stopped,20307810,completed,0,0.0,0.6607,1.3612,3.4134,4.1765,7.6,801
48,0,lead_stopped,20308806,completed,0,0.0,0.7305,1.5222,3.1487,4.2116,1.85,801
48,1,lead_stopped,20308807,completed,0,0.0,0.6996,1.4851,3.316,4.1909,1.9,801
48,2,lead_stopped,20308808,completed,0,0.0,0.6995,1.4876,3.3163,4.1909,1.9,801
48,3,lead_stopped,20308809,completed,0,0.0,0.6111,1.1417,2.9628,4.16,2.0,801
48,4,lead_stopped,20308810,completed,0,0.0,0.5718,1.0326,3.111,4.1717,2.0,801
49,0,lead_stopped,20309806,completed,0,0.0,0.8407,1.7084,2.7326,4.1755,9.0,801
49,1,lead_stopped,20309807,completed,0,0.0,0.8011,1.7909,3.3116,4.1945,8.85,801
49,2,lead_stopped,20309808,completed,0,0.0,0.6572,1.2769,2.8988,4.2297,9.1,801
49,3,lead_stopped,20309809,completed,0,0.0,0.5955,1.1095,3.0892,4.1737,9.1,801
49,4,lead_stopped,20309810,completed,0,0.0,0.8115,1.828,3.3155,4.1921,8.85,801
50,0,lead_stopped,20310806,completed,0,0.0,0.546,0.9788,3.2338,4.1967,15.4,801
50,1,lead_stopped,20310807,completed,0,0.0,0.5953,1.1573,3.2665,4.21,15.5,801
50,2,lead_stopped,20310808,completed,0,0.0,0.6034,1.1955,3.3432,4.234,15.4,801
50,3,lead_stopped,20310809,completed,0,0.0,0.6755,1.4207,3.4487,4.2349,15.3,801
50,4,lead_stopped,20310810,completed,0,0.0,0.5774,1.067,3.0648,4.1882,15.5,801
51,0,lead_stopped,20311806,completed,0,0.0,0.5607,1.0193,3.0396,4.1914,4.6,801
51,1,lead_stopped,20311807,completed,0,0.0,0.7512,1.5711,3.2164,4.1822,4.5,801
51,2,lead_stopped,20311808,completed,0,0.0,0.6478,1.3224,3.3606,4.1816,4.35,801
51,3,lead_stopped,20311809,completed,0,0.0,0.5843,1.0863,3.2612,4.1494,4.6,801
51,4,lead_stopped,20311810,completed,0,0.0,0.7042,1.5136,3.6026,4.1464,4.3,801
52,0,lead_stopped,20312806,completed,0,0.0,0.6538,1.3328,3.2677,4.181,14.6,801
52,1,lead_stopped,20312807,completed,0,0.0,0.5641,1.0543,3.391,4.2101,14.65,801
52,2,lead_stopped,20312808,completed,0,0.0,0.7324,1.5913,3.5067,4.1824,14.45,801
52,3,lead_stopped,20312809,completed,0,0.0,0.753,1.5814,3.0968,4.197,14.45,801
52,4,lead_stopped,20312810,completed,0,0.0,0.6467,1.3275,3.4279,4.2101,14.6,801
53,0,lead_stopped,20313806,completed,0,0.0,0.6573,1.3112,3.2964,4.1806,5.35,801
53,1,lead_stopped,20313807,completed,0,0.0,0.7478,1.5729,3.2577,4.1653,5.3,801
53,2,lead_stopped,20313808,completed,0,0.0,0.6628,1.3335,3.3189,4.1706,5.35,801
53,3,lead_stopped,20313809,completed,0,0.0,0.6584,1.3167,3.2917,4.1811,5.35,801
53,4,lead_stopped,20313810,completed,0,0.0,0.6531,1.2882,3.3136,4.1817,5.35,801
54,0,lead_stopped,20314806,completed,0,0.0,0.5751,1.0774,3.262,4.1791,8.35,801
54,1,lead_stopped,20314807,completed,0,0.0,0.5052,0.8567,2.9236,4.1686,8.5,801
54,2,lead_stopped,20314808,completed,0,0.0,0.4219,0.6285,2.5237,4.1783,8.6,801
54,3,lead_stopped,20314809,completed,0,0.0,0.5757,1.0842,3.2324,4.1666,8.4,801
54,4,lead_stopped,20314810,completed,0,0.0,0.5263,0.928,3.0733,4.1743,8.45,801
55,0,lead_stopped,20315806,completed,0,0.0,0.5663,1.0381,3.2735,4.2101,16.6,801
55,1,lead_stopped,20315807,completed,0,0.0,0.6826,1.3137,2.7678,4.235,16.55,801
55,2,lead_stopped,20315808,completed,0,0.0,0.693,1.3392,2.784,4.2101,16.65,801
55,3,lead_stopped,20315809,completed,0,0.0,0.538,0.9674,3.0712,4.2355,16.55,801
55,4,lead_stopped,20315810,completed,0,0.0,0.4287,0.6381,2.5437,4.1941,16.8,801
56,0,lead_stopped,20316806,completed,0,0.0,0.6785,1.4374,3.4105,4.235,3.1,801
56,1,lead_stopped,20316807,completed,0,0.0,4.9384,10.6654,2.3514,2.3517,0.3,801
56,2,lead_stopped,20316808,completed,0,0.0,4.9384,10.8039,2.3514,2.3517,0.3,801
56,3,lead_stopped,20316809,completed,0,0.0,0.6598,1.35,3.2916,4.1677,3.1,801
56,4,lead_stopped,20316810,completed,0,0.0,0.6774,1.4316,3.4141,4.235,3.1,801
57,0,lead_stopped,20317806,completed,0,0.0,0.6984,1.5182,3.6448,4.1717,11.3,801
57,1,lead_stopped,20317807,completed,0,0.0,0.6048,1.1496,3.0231,4.1864,11.5,801
57,2,lead_stopped,20317808,completed,0,0.0,0.5449,0.9763,3.171,4.18,11.5,801
57,3,lead_stopped,20317809,completed,0,0.0,0.4385,0.6678,2.793,4.2144,11.75,801
57,4,lead_stopped,20317810,completed,0,0.0,0.6421,1.2984,3.3203,4.1716,11.4,801
58,0,lead_stopped,20318806,completed,0,0.0,0.6537,1.3488,3.4572,4.2352,6.8,801
58,1,lead_stopped,20318807,completed,0,0.0,0.5896,1.139,3.2805,4.2099,7.05,801
58,2,lead_stopped,20318808,completed,0,0.0,0.663,1.372,3.4741,4.1747,6.9,801
58,3,lead_stopped,20318809,completed,0,0.0,0.5168,0.9075,3.2372,4.2097,7.1,801
58,4,lead_stopped,20318810,completed,0,0.0,0.7189,1.5509,3.2696,4.2349,6.8,801
59,0,lead_stopped,20319806,completed,0,0.0,0.6312,1.2798,3.4964,4.2166,8.7,801
59,1,lead_stopped,20319807,completed,0,0.0,0.7027,1.492,3.2653,4.1868,8.7,801
59,2,lead_stopped,20319808,completed,0,0.0,0.7126,1.5097,3.4854,4.1827,8.65,801
59,3,lead_stopped,20319809,completed,0,0.0,0.712,1.5156,3.2604,4.1732,8.7,801
59,4,lead_stopped,20319810,completed,0,0.0,0.7332,1.5925,3.4646,4.1665,8.65,801
60,0,cut_in,20320806,completed,0,0.0,0.2227,0.0004,1.9946,4.2301,4.9,801
60,1,cut_in,20320807,completed,0,0.0,0.1432,0.0925,1.4171,4.1806,5.0,801
60,2,cut_in,20320808,completed,0,0.0,0.2804,0.2784,2.4153,4.1802,4.8,801
60,3,cut_in,20320809,completed,0,0.0,0.1135,0.0678,1.4102,4.1911,5.0,801
60,4,cut_in,20320810,completed,0,0.0,0.2874,0.2714,1.8023,4.139,4.7,801
61,0,cut_in,20321806,completed,0,0.0,0.762,1.5995,3.622,4.2076,29.6,801
61,1,cut_in,20321807,completed,0,0.0,0.6568,1.2605,3.6537,4.2116,29.7,801
61,2,cut_in,20321808,completed,0,0.0,1.007,1.7042,3.2399,4.1998,30.7,801
61,3,cut_in,20321809,completed,0,0.0,1.0411,1.816,2.779,4.1954,30.85,801
61,4,cut_in,20321810,completed,0,0.0,1.0212,1.7293,2.7774,4.1896,29.7,801
62,0,cut_in,20322806,completed,0,0.0,10.0,9.0817,3.6748,4.1864,40.0,801
62,1,cut_in,20322807,completed,0,0.0,10.0,8.8224,3.5427,4.1926,39.75,801
62,2,cut_in,20322808,completed,0,0.0,10.0,8.8137,3.8585,4.1872,40.0,801
62,3,cut_in,20322809,completed,0,0.0,10.0,8.825,3.639,4.207,40.0,801
62,4,cut_in,20322810,completed,0,0.0,10.0,9.1231,3.4907,4.1941,39.8,801
63,0,cut_in,20323806,completed,0,0.0,10.0,11.5449,2.3125,4.2111,0.1,801
63,1,cut_in,20323807,completed,0,0.0,10.0,11.5449,2.3125,4.1989,0.1,801
63,2,cut_in,20323808,completed,0,0.0,10.0,11.5449,2.3125,4.189,0.1,801
63,3,cut_in,20323809,completed,0,0.0,10.0,11.5449,2.3125,4.1964,0.1,801
63,4,cut_in,20323810,completed,0,0.0,10.0,11.5449,2.3125,4.1933,0.1,801
64,0,cut_in,20324806,completed,0,0.0,1.1197,0.5731,3.323,4.1568,8.45,801
64,1,cut_in,20324807,collision,1,3.1552,0.0,0.0,3.65,4.1381,23.4,469
64,2,cut_in,20324808,completed,0,0.0,1.1236,0.9035,3.3095,4.1911,8.5,801
64,3,cut_in,20324809,completed,0,0.0,0.8442,1.2933,2.5515,4.1834,20.05,801
64,4,cut_in,20324810,completed,0,0.0,1.0577,0.7444,2.267,4.191,20.35,801
65,0,cut_in,20325806,completed,0,0.0,0.0358,0.0072,1.4658,4.1514,37.95,801
65,1,cut_in,20325807,completed,0,0.0,1.0073,1.6059,2.3787,4.2002,24.4,801
65,2,cut_in,20325808,completed,0,0.0,0.0077,0.0107,2.5749,4.1505,36.4,801
65,3,cut_in,20325809,completed,0,0.0,0.922,1.5889,2.7673,4.1493,2.65,801
65,4,cut_in,20325810,completed,0,0.0,0.8988,1.6737,3.434,4.1731,2.6,801
66,0,cut_in,20326806,completed,0,0.0,10.0,12.8173,2.3125,4.2031,0.1,801
66,1,cut_in,20326807,completed,0,0.0,10.0,12.8173,2.3125,4.191,0.1,801
66,2,cut_in,20326808,completed,0,0.0,10.0,12.8173,2.3125,4.2146,0.1,801
66,3,cut_in,20326809,completed,0,0.0,10.0,12.8173,2.3125,4.1925,0.1,801
66,4,cut_in,20326810,completed,0,0.0,10.0,12.8173,2.3125,4.191,0.1,801
67,0,cut_in,20327806,completed,0,0.0,0.7854,1.5797,3.8237,4.1721,7.45,801
67,1,cut_in,20327807,completed,0,0.0,0.7151,1.3955,3.4318,4.1699,7.65,801
67,2,cut_in,20327808,completed,0,0.0,0.8455,1.5899,3.5442,4.1707,7.55,801
67,3,cut_in,20327809,completed,0,0.0,0.6102,1.1385,3.6454,4.2023,7.7,801
67,4,cut_in,20327810,completed,0,0.0,0.7236,1.4812,3.7874,4.1701,7.6,801
68,0,cut_in,20328806,completed,0,0.0,0.4554,0.5727,2.7211,4.1661,8.75,801
68,1,cut_in,20328807,completed,0,0.0,0.6022,0.884,3.207,4.17,8.55,801
68,2,cut_in,20328808,completed,0,0.0,0.4324,0.4981,2.7149,4.2662,9.4,801
68,3,cut_in,20328809,completed,0,0.0,0.4366,0.4573,2.6126,4.1569,8.55,801
68,4,cut_in,20328810,completed,0,0.0,0.5299,0.7277,3.1858,4.165,8.6,801
69,0,cut_in,20329806,completed,0,0.0,0.1486,0.1011,1.3853,4.1529,6.2,801
69,1,cut_in,20329807,completed,0,0.0,0.1211,0.0729,1.4437,4.1527,6.2,801
69,2,cut_in,20329808,collision,1,0.5445,0.0,0.0,1.0444,4.155,6.25,126
69,3,cut_in,20329809,completed,0,0.0,0.1731,0.1224,1.7048,4.153,6.15,801
69,4,cut_in,20329810,collision,1,1.4141,0.0,0.0,1.9141,4.1527,6.15,124
70,0,cut_in,20330806,completed,0,0.0,0.2046,0.0603,1.1602,4.1829,9.65,801
70,1,cut_in,20330807,collision,1,2.0611,0.0,0.0,3.0616,4.21,9.8,197
70,2,cut_in,20330808,collision,1,1.4229,0.0,0.0,2.139,4.2098,10.05,202
70,3,cut_in,20330809,completed,0,0.0,0.0366,0.0041,1.6181,4.1851,34.3,801
70,4,cut_in,20330810,completed,0,0.0,0.1696,0.0386,1.0729,4.16,9.65,801
71,0,cut_in,20331806,completed,0,0.0,0.8893,0.8704,3.6245,4.1891,1.65,801
71,1,cut_in,20331807,completed,0,0.0,0.745,0.7406,3.3549,4.1405,1.75,801
71,2,cut_in,20331808,completed,0,0.0,0.8042,0.7968,3.2662,4.0882,1.75,801
71,3,cut_in,20331809,completed,0,0.0,0.9174,0.8971,3.5793,4.1634,1.65,801
71,4,cut_in,20331810,completed,0,0.0,0.6328,0.6822,2.5583,4.1908,32.85,801
72,0,cut_in,20332806,completed,0,0.0,0.2462,0.1573,1.582,2.9969,2.0,801
72,1,cut_in,20332807,completed,0,0.0,0.439,0.5754,2.5661,3.1504,25.8,801
72,2,cut_in,20332808,completed,0,0.0,0.029,0.0165,2.2389,3.8056,37.1,801
72,3,cut_in,20332809,collision,1,1.6842,0.0,0.0,2.1842,3.606,1.85,38
72,4,cut_in,20332810,completed,0,0.0,0.0377,0.0062,2.1703,3.6078,36.2,801
73,0,cut_in,20333806,collision,1,3.4621,0.0,0.0,3.9459,4.1544,38.5,771
73,1,cut_in,20333807,completed,0,0.0,0.6858,1.3319,3.6672,4.1535,1.9,801
73,2,cut_in,20333808,completed,0,0.0,0.2779,0.282,2.2002,4.1531,33.05,801
73,3,cut_in,20333809,completed,0,0.0,0.0816,0.044,1.2362,4.1538,33.45,801
73,4,cut_in,20333810,completed,0,0.0,0.6861,1.3306,3.6664,4.153,1.9,801
74,0,cut_in,20334806,completed,0,0.0,0.7449,0.9192,3.4949,4.2098,20.95,801
74,1,cut_in,20334807,completed,0,0.0,1.0187,1.0933,3.3313,4.2099,20.85,801
74,2,cut_in,20334808,completed,0,0.0,0.7975,1.1845,3.2382,4.2098,20.85,801
74,3,cut_in,20334809,completed,0,0.0,0.6559,0.814,3.9376,4.2099,20.85,801
74,4,cut_in,20334810,completed,0,0.0,0.4889,0.5195,3.8879,4.2099,20.95,801
75,0,cut_in,20335806,completed,0,0.0,0.0345,0.0212,2.1861,4.1908,34.3,801
75,1,cut_in,20335807,completed,0,0.0,0.9914,0.3717,3.482,4.1523,2.0,801
75,2,cut_in,20335808,completed,0,0.0,0.894,0.0188,3.2138,4.1727,2.0,801
75,3,cut_in,20335809,completed,0,0.0,0.9904,0.3681,3.4827,4.1527,2.0,801
75,4,cut_in,20335810,completed,0,0.0,0.1196,0.0786,1.6266,4.1524,29.95,801
76,0,cut_in,20336806,completed,0,0.0,0.1489,0.021,1.5465,4.161,35.05,801
76,1,cut_in,20336807,completed,0,0.0,0.1491,0.1031,1.5149,4.1591,36.5,801
76,2,cut_in,20336808,completed,0,0.0,0.7073,1.12,2.6153,4.2596,33.5,801
76,3,cut_in,20336809,completed,0,0.0,0.71,0.0122,3.66,4.1548,2.6,801
76,4,cut_in,20336810,completed,0,0.0,0.0917,0.0611,1.4776,4.1597,26.6,801
77,0,cut_in,20337806,completed,0,0.0,0.8655,1.6607,3.9894,4.1804,3.75,801
77,1,cut_in,20337807,collision,1,3.1066,0.0,0.0,3.6001,4.1771,29.6,593
77,2,cut_in,20337808,completed,0,0.0,0.078,0.2465,3.6731,4.1812,38.95,801
77,3,cut_in,20337809,completed,0,0.0,0.0503,0.021,1.2615,4.2055,35.9,801
77,4,cut_in,20337810,completed,0,0.0,0.9863,1.6999,3.8019,4.2402,3.65,801
78,0,cut_in,20338806,completed,0,0.0,0.6495,0.9939,2.5994,4.1846,32.5,801
78,1,cut_in,20338807,completed,0,0.0,0.0962,0.0536,1.6644,4.1523,32.25,801
78,2,cut_in,20338808,completed,0,0.0,0.0404,0.0193,2.5505,4.1873,33.45,801
78,3,cut_in,20338809,completed,0,0.0,0.871,1.3583,2.4749,4.191,23.45,801
78,4,cut_in,20338810,completed,0,0.0,0.0169,0.0052,0.9399,4.1911,32.15,801
79,0,cut_in,20339806,completed,0,0.0,10.0,15.97,3.6782,4.2349,38.0,801
79,1,cut_in,20339807,completed,0,0.0,10.0,15.9842,4.1619,4.2014,40.0,801
79,2,cut_in,20339808,completed,0,0.0,10.0,15.8144,3.7741,4.2079,37.2,801
79,3,cut_in,20339809,completed,0,0.0,10.0,15.9484,3.6876,4.1986,37.5,801
79,4,cut_in,20339810,completed,0,0.0,10.0,16.0889,3.6651,4.198,38.4,801
80,0,cut_in,20340806,completed,0,0.0,1.0018,1.7028,3.2348,4.153,4.2,801
80,1,cut_in,20340807,completed,0,0.0,1.0459,0.0175,3.3749,4.1527,4.1,801
80,2,cut_in,20340808,completed,0,0.0,0.978,1.6068,2.5153,4.235,7.55,801
80,3,cut_in,20340809,completed,0,0.0,0.7863,1.2766,2.5419,4.1529,33.15,801
80,4,cut_in,20340810,completed,0,0.0,0.9717,1.5703,3.1319,4.1525,4.45,801
81,0,cut_in,20341806,collision,1,2.1068,0.0,0.0,3.6963,4.1708,2.5,51
81,1,cut_in,20341807,collision,1,2.5729,0.0,0.0,4.1598,4.1836,2.2,45
81,2,cut_in,20341808,collision,1,2.4828,0.0,0.0,4.0751,4.2081,2.55,52
81,3,cut_in,20341809,collision,1,2.3244,0.0,0.0,3.9087,4.0356,1.9,39
81,4,cut_in,20341810,collision,1,2.5082,0.0,0.0,4.1004,4.2122,2.3,47
82,0,cut_in,20342806,completed,0,0.0,0.0107,0.0178,2.1608,4.0468,39.6,801
82,1,cut_in,20342807,completed,0,0.0,0.6766,1.1026,2.8125,4.0466,29.3,801
82,2,cut_in,20342808,completed,0,0.0,0.8671,1.5317,2.9855,4.1092,3.45,801
82,3,cut_in,20342809,completed,0,0.0,0.961,1.6824,2.9757,4.2087,3.35,801
82,4,cut_in,20342810,completed,0,0.0,0.6044,0.9669,2.8002,4.0466,37.5,801
83,0,cut_in,20343806,collision,1,1.3882,0.0,0.0,2.8564,4.1908,1.85,38
83,1,cut_in,20343807,collision,1,1.3878,0.0,0.0,2.856,4.1907,1.85,38
83,2,cut_in,20343808,collision,1,1.388,0.0,0.0,2.8562,4.1907,1.85,38
83,3,cut_in,20343809,collision,1,1.3879,0.0,0.0,2.8561,4.1907,1.85,38
83,4,cut_in,20343810,collision,1,1.3881,0.0,0.0,2.8563,4.1908,1.85,38
84,0,cut_in,20344806,completed,0,0.0,0.677,1.2791,3.6705,4.1527,2.2,801
84,1,cut_in,20344807,completed,0,0.0,0.0218,0.0478,2.694,4.1518,39.6,801
84,2,cut_in,20344808,completed,0,0.0,0.7917,1.7439,3.8723,4.1897,2.7,801
84,3,cut_in,20344809,completed,0,0.0,0.1618,0.115,1.6629,4.1317,33.1,801
84,4,cut_in,20344810,completed,0,0.0,0.7724,1.5344,3.4778,4.1522,2.0,801
85,0,cut_in,20345806,completed,0,0.0,0.8554,1.5767,3.8232,4.235,4.6,801
85,1,cut_in,20345807,completed,0,0.0,0.881,1.3844,3.8999,4.235,4.55,801
85,2,cut_in,20345808,completed,0,0.0,0.7714,1.3903,3.7491,4.235,4.7,801
85,3,cut_in,20345809,completed,0,0.0,0.844,1.7125,3.713,4.2349,4.65,801
85,4,cut_in,20345810,completed,0,0.0,0.8566,1.6797,3.6245,4.235,4.65,801
86,0,cut_in,20346806,completed,0,0.0,0.7974,0.2333,2.8329,4.1696,15.25,801
86,1,cut_in,20346807,completed,0,0.0,0.5346,0.2505,2.8659,4.1689,12.25,801
86,2,cut_in,20346808,collision,1,2.1331,0.0,0.0,0.0151,4.1861,12.6,253
86,3,cut_in,20346809,completed,0,0.0,0.7864,1.3542,3.1987,4.1841,15.1,801
86,4,cut_in,20346810,collision,1,3.1716,0.0,0.0,3.6645,4.1718,36.55,732
87,0,cut_in,20347806,collision,1,0.6983,0.0,0.0,3.7983,4.1911,6.5,131
87,1,cut_in,20347807,collision,1,0.4233,0.0,0.0,3.4987,4.1678,7.55,152
87,2,cut_in,20347808,collision,1,0.9567,0.0,0.0,4.0566,4.1911,6.45,130
87,3,cut_in,20347809,collision,1,0.2474,0.0,0.0,3.2983,4.2291,7.4,149
87,4,cut_in,20347810,collision,1,0.2227,0.0,0.0,3.3227,4.1683,7.55,152
88,0,cut_in,20348806,collision,1,1.7709,0.0,0.0,4.1137,4.2024,7.0,141
88,1,cut_in,20348807,collision,1,1.7403,0.0,0.0,4.0829,4.1823,5.45,110
88,2,cut_in,20348808,collision,1,1.6942,0.0,0.0,3.9786,4.2123,5.85,118
88,3,cut_in,20348809,collision,1,1.3462,0.0,0.0,3.6882,4.2488,4.5,91
88,4,cut_in,20348810,collision,1,1.5172,0.0,0.0,3.8594,4.246,4.5,91
89,0,cut_in,20349806,completed,0,0.0,0.8545,1.0008,3.7568,4.1593,9.85,801
89,1,cut_in,20349807,completed,0,0.0,0.9145,0.9585,3.6828,4.1587,9.8,801
89,2,cut_in,20349808,completed,0,0.0,0.9796,0.5205,3.5563,4.1573,9.95,801
89,3,cut_in,20349809,completed,0,0.0,0.9449,0.699,3.5416,4.2492,10.25,801
89,4,cut_in,20349810,completed,0,0.0,0.8999,0.8786,2.6208,4.1853,33.25,801
90,0,oncoming_drift,20350806,collision,1,10.2652,0.0,0.0,2.7593,4.2036,10.85,218
90,1,oncoming_drift,20350807,collision,1,10.9143,0.0,0.0,3.4085,4.1818,10.85,218
90,2,oncoming_drift,20350808,collision,1,10.9225,0.0,0.0,3.4167,4.21,10.6,213
90,3,oncoming_drift,20350809,collision,1,11.0251,0.0,0.0,3.5193,4.2102,10.3,207
90,4,oncoming_drift,20350810,collision,1,10.9028,0.0,0.0,3.3969,4.2102,10.5,211
91,0,oncoming_drift,20351806,collision,1,6.8094,0.0,0.0,1.4736,4.2095,14.6,293
91,1,oncoming_drift,20351807,collision,1,7.7221,0.0,0.0,2.3863,4.2101,14.4,289
91,2,oncoming_drift,20351808,collision,1,8.1608,0.0,0.0,2.825,4.1819,14.05,282
91,3,oncoming_drift,20351809,collision,1,7.8617,0.0,0.0,2.5259,4.2102,14.4,289
91,4,oncoming_drift,20351810,collision,1,7.8314,0.0,0.0,2.4956,4.1904,14.7,295
92,0,oncoming_drift,20352806,completed,0,0.0,0.5092,4.2802,3.7227,4.2469,16.55,801
92,1,oncoming_drift,20352807,completed,0,0.0,0.51,4.1189,3.3934,4.2163,16.45,801
92,2,oncoming_drift,20352808,completed,0,0.0,0.2816,2.4779,4.1174,4.2402,16.6,801
92,3,oncoming_drift,20352809,completed,0,0.0,0.5295,4.2911,3.4208,4.202,16.55,801
92,4,oncoming_drift,20352810,completed,0,0.0,0.2415,2.0037,3.6151,4.1945,16.5,801
93,0,oncoming_drift,20353806,completed,0,0.0,0.1369,1.3673,4.1168,4.2029,11.5,801
93,1,oncoming_drift,20353807,completed,0,0.0,0.057,0.5436,3.6627,4.2102,11.5,801
93,2,oncoming_drift,20353808,completed,0,0.0,0.0131,0.1223,3.4433,4.2107,11.45,801
93,3,oncoming_drift,20353809,completed,0,0.0,0.1063,1.0593,4.0922,4.2101,11.6,801
93,4,oncoming_drift,20353810,completed,0,0.0,0.1499,1.433,3.692,4.2101,11.5,801
94,0,oncoming_drift,20354806,collision,1,7.5631,0.0,0.0,1.8719,4.1929,13.6,273
94,1,oncoming_drift,20354807,collision,1,8.9983,0.0,0.0,3.3071,4.1946,13.0,261
94,2,oncoming_drift,20354808,completed,0,0.0,0.0014,0.013,3.5643,4.1931,14.7,801
94,3,oncoming_drift,20354809,collision,1,7.4947,0.0,0.0,1.8035,4.1947,13.25,266
94,4,oncoming_drift,20354810,completed,0,0.0,0.1416,0.806,0.0004,4.2629,14.05,801
95,0,oncoming_drift,20355806,completed,0,0.0,0.0002,0.0017,3.5511,4.1965,13.5,801
95,1,oncoming_drift,20355807,completed,0,0.0,0.0006,0.0053,3.3788,4.2238,13.45,801
95,2,oncoming_drift,20355808,completed,0,0.0,0.0733,0.6154,3.4262,4.2086,13.55,801
95,3,oncoming_drift,20355809,completed,0,0.0,0.0831,0.7077,3.5437,4.247,13.55,801
95,4,oncoming_drift,20355810,completed,0,0.0,0.011,0.0997,4.1255,4.2441,13.7,801
96,0,oncoming_drift,20356806,collision,1,7.3508,0.0,0.0,2.9996,4.2102,12.65,254
96,1,oncoming_drift,20356807,collision,1,7.8557,0.0,0.0,3.5045,4.2101,12.6,253
96,2,oncoming_drift,20356808,collision,1,6.7455,0.0,0.0,2.3943,4.2034,12.85,258
96,3,oncoming_drift,20356809,collision,1,7.6101,0.0,0.0,3.259,4.2047,12.6,253
96,4,oncoming_drift,20356810,collision,1,7.6481,0.0,0.0,3.2969,4.2101,12.65,254
97,0,oncoming_drift,20357806,collision,1,10.9322,0.0,0.0,3.5055,4.2101,11.45,230
97,1,oncoming_drift,20357807,collision,1,10.975,0.0,0.0,3.5483,4.2101,11.45,230
97,2,oncoming_drift,20357808,collision,1,10.3864,0.0,0.0,2.9597,4.1882,11.55,232
97,3,oncoming_drift,20357809,collision,1,10.6193,0.0,0.0,3.1926,4.2102,11.05,222
97,4,oncoming_drift,20357810,collision,1,10.9537,0.0,0.0,3.527,4.2101,11.45,230
98,0,oncoming_drift,20358806,collision,1,7.2837,0.0,0.0,2.6704,4.2185,10.45,210
98,1,oncoming_drift,20358807,collision,1,6.7875,0.0,0.0,2.1741,4.2101,10.05,202
98,2,oncoming_drift,20358808,collision,1,8.1838,0.0,0.0,3.5705,4.2131,10.3,207
98,3,oncoming_drift,20358809,collision,1,7.6489,0.0,0.0,3.0356,4.2101,9.95,200
98,4,oncoming_drift,20358810,collision,1,7.373,0.0,0.0,2.7597,4.1709,10.05,202
99,0,oncoming_drift,20359806,collision,1,9.9684,0.0,0.0,3.5452,4.1825,11.05,222
99,1,oncoming_drift,20359807,completed,0,0.0,0.162,1.2283,1.5375,4.2608,12.5,801
99,2,oncoming_drift,20359808,collision,1,8.9858,0.0,0.0,2.5626,4.2464,11.5,231
99,3,oncoming_drift,20359809,collision,1,9.0079,0.0,0.0,2.5847,4.185,11.35,228
99,4,oncoming_drift,20359810,completed,0,0.0,0.0388,0.2489,0.0001,4.1977,12.35,801
100,0,oncoming_drift,20360806,collision,1,9.6243,0.0,0.0,2.6109,4.2533,8.3,167
100,1,oncoming_drift,20360807,collision,1,9.3066,0.0,0.0,2.2932,4.2414,8.35,168
100,2,oncoming_drift,20360808,collision,1,9.9611,0.0,0.0,2.9477,4.2298,8.45,170
100,3,oncoming_drift,20360809,collision,1,9.1561,0.0,0.0,2.1427,4.21,8.45,170
100,4,oncoming_drift,20360810,collision,1,9.5954,0.0,0.0,2.582,4.2486,8.3,167
101,0,oncoming_drift,20361806,completed,0,0.0,1.0122,8.0786,3.8551,4.2038,15.95,801
101,1,oncoming_drift,20361807,completed,0,0.0,1.3717,11.1418,3.9383,4.2616,15.85,801
101,2,oncoming_drift,20361808,completed,0,0.0,1.0913,9.0688,4.1252,4.2131,16.05,801
101,3,oncoming_drift,20361809,completed,0,0.0,1.4926,12.391,4.1169,4.2331,15.9,801
101,4,oncoming_drift,20361810,completed,0,0.0,0.922,7.4987,3.9486,4.1916,16.0,801
102,0,oncoming_drift,20362806,completed,0,0.0,0.0041,0.0432,3.7373,4.2101,10.75,801
102,1,oncoming_drift,20362807,completed,0,0.0,0.0255,0.2702,3.7394,4.2293,10.7,801
102,2,oncoming_drift,20362808,completed,0,0.0,0.0311,0.2784,2.0909,4.2301,10.95,801
102,3,oncoming_drift,20362809,completed,0,0.0,0.0582,0.5757,3.0352,4.2101,10.85,801
102,4,oncoming_drift,20362810,completed,0,0.0,0.0276,0.3008,4.0468,4.2101,10.85,801
103,0,oncoming_drift,20363806,completed,0,0.0,0.1491,1.4447,3.9336,4.2104,10.85,801
103,1,oncoming_drift,20363807,completed,0,0.0,0.5216,5.0366,3.899,4.2101,10.85,801
103,2,oncoming_drift,20363808,completed,0,0.0,0.2579,2.509,3.971,4.1917,10.95,801
103,3,oncoming_drift,20363809,completed,0,0.0,0.1498,1.4265,3.768,4.2101,10.85,801
103,4,oncoming_drift,20363810,completed,0,0.0,0.0321,0.2899,3.28,4.2,10.85,801
104,0,oncoming_drift,20364806,collision,1,10.5519,0.0,0.0,3.3787,4.1888,12.1,243
104,1,oncoming_drift,20364807,collision,1,9.8753,0.0,0.0,2.7022,4.2715,12.2,245
104,2,oncoming_drift,20364808,collision,1,10.4482,0.0,0.0,3.2751,4.2101,12.0,241
104,3,oncoming_drift,20364809,collision,1,10.028,0.0,0.0,2.8548,4.1982,11.9,239
104,4,oncoming_drift,20364810,collision,1,9.7891,0.0,0.0,2.6159,4.1769,11.95,240
105,0,oncoming_drift,20365806,completed,0,0.0,2.4076,20.3181,4.139,4.1849,9.6,801
105,1,oncoming_drift,20365807,completed,0,0.0,2.3579,20.1486,4.108,4.1995,9.8,801
105,2,oncoming_drift,20365808,completed,0,0.0,2.3781,20.1144,4.021,4.2313,9.8,801
105,3,oncoming_drift,20365809,completed,0,0.0,2.1732,17.5619,3.6438,4.2101,9.9,801
105,4,oncoming_drift,20365810,completed,0,0.0,2.098,17.4971,3.9027,4.2101,9.9,801
106,0,oncoming_drift,20366806,completed,0,0.0,0.1256,0.6688,0.0005,4.2101,14.45,801
106,1,oncoming_drift,20366807,collision,1,8.6357,0.0,0.0,3.3114,4.2101,13.4,269
106,2,oncoming_drift,20366808,collision,1,7.7116,0.0,0.0,2.3874,4.197,13.55,272
106,3,oncoming_drift,20366809,completed,0,0.0,0.0081,0.0431,0.0,4.2101,15.25,801
106,4,oncoming_drift,20366810,completed,0,0.0,0.2807,1.8176,1.5181,4.1915,14.35,801
107,0,oncoming_drift,20367806,completed,0,0.0,0.1524,0.9568,0.175,4.21,10.45,801
107,1,oncoming_drift,20367807,collision,1,9.4574,0.0,0.0,3.3244,4.21,9.8,197
107,2,oncoming_drift,20367808,completed,0,0.0,0.0221,0.1355,0.0001,4.2712,11.0,801
107,3,oncoming_drift,20367809,collision,1,9.4741,0.0,0.0,3.3411,4.2102,9.6,193
107,4,oncoming_drift,20367810,collision,1,8.16,0.0,0.0,2.027,4.1807,10.0,201
108,0,oncoming_drift,20368806,collision,1,7.3172,0.0,0.0,0.0006,4.2672,11.2,225
108,1,oncoming_drift,20368807,completed,0,0.0,0.0016,0.0118,0.0001,4.2101,11.5,801
108,2,oncoming_drift,20368808,completed,0,0.0,0.1728,1.8679,3.4902,4.2214,10.6,801
108,3,oncoming_drift,20368809,completed,0,0.0,0.0094,0.0774,0.9042,4.2101,10.95,801
108,4,oncoming_drift,20368810,collision,1,9.4587,0.0,0.0,2.141,4.1843,10.85,218
109,0,oncoming_drift,20369806,collision,1,9.8181,0.0,0.0,3.2673,4.2103,9.6,193
109,1,oncoming_drift,20369807,collision,1,9.6517,0.0,0.0,3.1009,4.2101,9.6,193
109,2,oncoming_drift,20369808,collision,1,9.4397,0.0,0.0,2.8888,4.2436,9.8,197
109,3,oncoming_drift,20369809,collision,1,8.9652,0.0,0.0,2.4144,4.2361,9.45,190
109,4,oncoming_drift,20369810,collision,1,9.1532,0.0,0.0,2.6023,4.1888,9.55,192
110,0,oncoming_drift,20370806,collision,1,11.0981,0.0,0.0,3.3854,4.238,11.15,224
110,1,oncoming_drift,20370807,collision,1,11.0535,0.0,0.0,3.3408,4.192,11.1,223
110,2,oncoming_drift,20370808,collision,1,11.3426,0.0,0.0,3.6299,4.21,10.9,219
110,3,oncoming_drift,20370809,collision,1,10.5517,0.0,0.0,2.8389,4.2148,11.05,222
110,4,oncoming_drift,20370810,collision,1,10.5923,0.0,0.0,2.8796,4.2543,11.15,224
111,0,oncoming_drift,20371806,completed,0,0.0,1.0155,10.4004,4.0885,4.2101,10.35,801
111,1,oncoming_drift,20371807,completed,0,0.0,1.0326,10.116,3.7088,4.1927,10.8,801
111,2,oncoming_drift,20371808,completed,0,0.0,1.1359,11.3987,3.9313,4.2101,10.4,801
111,3,oncoming_drift,20371809,completed,0,0.0,1.0069,9.9484,3.7276,4.2158,10.55,801
111,4,oncoming_drift,20371810,completed,0,0.0,1.0158,10.3594,4.045,4.2101,10.4,801
112,0,oncoming_drift,20372806,completed,0,0.0,0.0195,0.0991,0.0,4.1917,14.9,801
112,1,oncoming_drift,20372807,completed,0,0.0,0.1397,0.9676,1.8452,4.21,15.35,801
112,2,oncoming_drift,20372808,completed,0,0.0,0.011,0.0994,3.9702,4.2101,15.35,801
112,3,oncoming_drift,20372809,completed,0,0.0,0.0462,0.4131,3.8643,4.2101,15.3,801
112,4,oncoming_drift,20372810,completed,0,0.0,0.0473,0.3932,3.2397,4.2619,15.55,801
113,0,oncoming_drift,20373806,collision,1,6.7398,0.0,0.0,1.867,4.2101,15.0,301
113,1,oncoming_drift,20373807,collision,1,7.7081,0.0,0.0,2.8354,4.2707,15.3,307
113,2,oncoming_drift,20373808,collision,1,6.6414,0.0,0.0,1.7686,4.2521,15.15,304
113,3,oncoming_drift,20373809,collision,1,7.2368,0.0,0.0,2.3641,4.1759,15.25,306
113,4,oncoming_drift,20373810,collision,1,7.8531,0.0,0.0,2.9804,4.1835,15.25,306
114,0,oncoming_drift,20374806,completed,0,0.0,0.8259,7.4326,3.4777,4.2099,9.35,801
114,1,oncoming_drift,20374807,completed,0,0.0,0.7675,7.1659,3.8151,4.1968,9.35,801
114,2,oncoming_drift,20374808,completed,0,0.0,1.0947,9.8997,3.5217,4.2101,9.3,801
114,3,oncoming_drift,20374809,completed,0,0.0,0.7128,6.6517,3.8093,4.1977,9.35,801
114,4,oncoming_drift,20374810,completed,0,0.0,0.8447,7.724,3.622,4.1905,9.45,801
115,0,oncoming_drift,20375806,completed,0,0.0,0.1183,0.942,0.0001,4.2101,10.05,801
115,1,oncoming_drift,20375807,completed,0,0.0,0.0163,0.1761,2.8506,4.2101,10.0,801
115,2,oncoming_drift,20375808,completed,0,0.0,0.0456,0.363,0.0001,4.2012,10.2,801
115,3,oncoming_drift,20375809,collision,1,9.4057,0.0,0.0,1.4439,4.2099,9.35,188
115,4,oncoming_drift,20375810,completed,0,0.0,0.0097,0.107,3.0618,4.2101,9.9,801
116,0,oncoming_drift,20376806,collision,1,11.2709,0.0,0.0,3.4259,4.2101,7.65,154
116,1,oncoming_drift,20376807,collision,1,11.4864,0.0,0.0,3.6414,4.2266,7.75,156
116,2,oncoming_drift,20376808,collision,1,11.4023,0.0,0.0,3.5573,4.1699,7.75,156
116,3,oncoming_drift,20376809,collision,1,11.1508,0.0,0.0,3.3058,4.2101,7.8,157
116,4,oncoming_drift,20376810,collision,1,11.3219,0.0,0.0,3.4769,4.2101,7.9,159
117,0,oncoming_drift,20377806,collision,1,9.3801,0.0,0.0,3.0232,4.2297,9.1,183
117,1,oncoming_drift,20377807,collision,1,9.3803,0.0,0.0,3.0234,4.2101,9.1,183
117,2,oncoming_drift,20377808,collision,1,10.0095,0.0,0.0,3.6526,4.2154,9.3,187
117,3,oncoming_drift,20377809,collision,1,8.7317,0.0,0.0,2.3748,4.2101,9.25,186
117,4,oncoming_drift,20377810,collision,1,9.2575,0.0,0.0,2.9006,4.2101,9.3,187
118,0,oncoming_drift,20378806,completed,0,0.0,0.0801,0.5,2.2336,4.2012,13.65,801
118,1,oncoming_drift,20378807,collision,1,6.9063,0.0,0.0,2.9006,4.2101,13.4,269
118,2,oncoming_drift,20378808,collision,1,6.4625,0.0,0.0,2.4568,4.2179,13.6,273
118,3,oncoming_drift,20378809,collision,1,7.0376,0.0,0.0,3.0319,4.2101,13.4,269
118,4,oncoming_drift,20378810,collision,1,7.2997,0.0,0.0,3.294,4.2544,13.3,267
119,0,oncoming_drift,20379806,completed,0,0.0,0.2128,2.292,3.9803,4.21,10.55,801
119,1,oncoming_drift,20379807,completed,0,0.0,0.1056,1.1134,3.7569,4.21,10.55,801
119,2,oncoming_drift,20379808,completed,0,0.0,0.2562,2.7776,4.0512,4.2101,10.55,801
119,3,oncoming_drift,20379809,completed,0,0.0,0.2543,2.7346,3.9625,4.2027,10.55,801
119,4,oncoming_drift,20379810,completed,0,0.0,0.0658,0.7163,4.1008,4.2207,10.6,801
120,0,crossing_traffic,20380806,completed,0,0.0,1.2106,2.7993,2.9251,4.204,10.55,801
120,1,crossing_traffic,20380807,completed,0,0.0,1.9074,3.3274,1.7574,4.2782,12.8,801
120,2,crossing_traffic,20380808,completed,0,0.0,1.2436,2.8635,2.8217,4.1848,10.55,801
120,3,crossing_traffic,20380809,completed,0,0.0,1.1678,2.7102,2.9302,4.1944,10.55,801
120,4,crossing_traffic,20380810,completed,0,0.0,0.8469,2.4802,2.9433,4.2966,12.8,801
121,0,crossing_traffic,20381806,completed,0,0.0,1.9738,7.9675,4.0237,4.1892,14.2,801
121,1,crossing_traffic,20381807,completed,0,0.0,1.9796,8.0607,4.0578,4.245,14.25,801
121,2,crossing_traffic,20381808,completed,0,0.0,2.2365,8.1087,3.9548,4.1903,13.95,801
121,3,crossing_traffic,20381809,completed,0,0.0,2.0073,8.0594,4.002,4.1873,14.15,801
121,4,crossing_traffic,20381810,completed,0,0.0,2.0007,8.0841,4.0265,4.2456,14.25,801
122,0,crossing_traffic,20382806,completed,0,0.0,0.6104,1.873,3.1022,4.2205,18.35,801
122,1,crossing_traffic,20382807,completed,0,0.0,1.4937,2.9464,3.4502,4.2079,16.0,801
122,2,crossing_traffic,20382808,completed,0,0.0,0.5569,1.7962,3.2552,4.218,18.4,801
122,3,crossing_traffic,20382809,completed,0,0.0,0.6972,1.938,2.8239,4.187,18.65,801
122,4,crossing_traffic,20382810,completed,0,0.0,1.2766,2.5029,2.6787,4.1956,16.95,801
123,0,crossing_traffic,20383806,completed,0,0.0,10.0,0.0,0.0031,4.4554,31.8,801
123,1,crossing_traffic,20383807,completed,0,0.0,10.0,0.0,0.1546,4.3137,32.95,801
123,2,crossing_traffic,20383808,completed,0,0.0,10.0,0.0,0.1828,4.2751,32.4,801
123,3,crossing_traffic,20383809,completed,0,0.0,10.0,0.0,0.2385,4.3081,32.55,801
123,4,crossing_traffic,20383810,completed,0,0.0,10.0,0.0,0.0002,4.2813,31.8,801
124,0,crossing_traffic,20384806,completed,0,0.0,1.9507,7.0264,3.5828,4.4482,8.9,801
124,1,crossing_traffic,20384807,completed,0,0.0,2.1009,7.0963,3.6106,4.2831,8.75,801
124,2,crossing_traffic,20384808,completed,0,0.0,1.9699,7.1121,3.5935,4.2811,8.9,801
124,3,crossing_traffic,20384809,completed,0,0.0,2.0477,7.0249,3.6745,4.2887,8.75,801
124,4,crossing_traffic,20384810,completed,0,0.0,2.136,7.0721,3.6192,4.442,8.7,801
125,0,crossing_traffic,20385806,completed,0,0.0,1.1945,2.503,2.5936,4.3522,11.9,801
125,1,crossing_traffic,20385807,completed,0,0.0,1.0894,2.4341,2.8459,4.3286,13.1,801
125,2,crossing_traffic,20385808,completed,0,0.0,0.9504,2.0616,2.8692,4.2717,12.85,801
125,3,crossing_traffic,20385809,completed,0,0.0,1.3044,2.7162,2.4538,4.3292,13.45,801
125,4,crossing_traffic,20385810,completed,0,0.0,0.8225,1.786,3.283,4.2829,13.0,801
126,0,crossing_traffic,20386806,completed,0,0.0,1.2623,2.9335,2.9325,4.2121,11.6,801
126,1,crossing_traffic,20386807,completed,0,0.0,1.3813,2.9784,2.655,4.2647,11.65,801
126,2,crossing_traffic,20386808,completed,0,0.0,1.1988,2.7938,3.0551,4.2699,11.7,801
126,3,crossing_traffic,20386809,completed,0,0.0,1.3162,3.1446,3.2102,4.2051,11.45,801
126,4,crossing_traffic,20386810,completed,0,0.0,1.2499,2.9931,3.1586,4.2246,11.6,801
127,0,crossing_traffic,20387806,completed,0,0.0,1.2189,2.9923,3.1206,4.2811,10.85,801
127,1,crossing_traffic,20387807,completed,0,0.0,1.3196,3.4126,3.3507,4.2811,10.7,801
127,2,crossing_traffic,20387808,completed,0,0.0,1.2795,3.285,3.2723,4.2811,10.75,801
127,3,crossing_traffic,20387809,completed,0,0.0,1.2628,3.201,3.2398,4.2811,10.75,801
127,4,crossing_traffic,20387810,completed,0,0.0,1.2965,3.3531,3.3734,4.2811,10.7,801
128,0,crossing_traffic,20388806,completed,0,0.0,0.9355,3.2378,3.4656,4.2835,16.55,801
128,1,crossing_traffic,20388807,completed,0,0.0,0.5599,2.2314,3.9884,4.2731,16.55,801
128,2,crossing_traffic,20388808,completed,0,0.0,0.6699,2.1923,3.2817,4.293,16.55,801
128,3,crossing_traffic,20388809,completed,0,0.0,0.4854,1.954,4.028,4.4386,16.55,801
128,4,crossing_traffic,20388810,completed,0,0.0,0.8526,2.9061,3.4156,4.2916,16.55,801
129,0,crossing_traffic,20389806,completed,0,0.0,0.8716,1.8926,2.8993,4.2811,9.05,801
129,1,crossing_traffic,20389807,completed,0,0.0,0.8822,1.8723,2.7637,4.2811,9.05,801
129,2,crossing_traffic,20389808,completed,0,0.0,1.2571,2.3705,2.1397,4.2811,9.05,801
129,3,crossing_traffic,20389809,completed,0,0.0,0.9921,2.1,2.6318,4.2811,9.05,801
129,4,crossing_traffic,20389810,completed,0,0.0,1.09,2.232,2.4302,4.2811,9.05,801
130,0,crossing_traffic,20390806,completed,0,0.0,0.1734,0.6285,3.6366,4.1806,13.8,801
130,1,crossing_traffic,20390807,completed,0,0.0,0.3567,1.0915,3.064,4.1967,13.7,801
130,2,crossing_traffic,20390808,completed,0,0.0,0.0782,0.2511,3.2218,4.218,13.75,801
130,3,crossing_traffic,20390809,completed,0,0.0,0.3241,0.9353,2.8935,4.2095,13.7,801
130,4,crossing_traffic,20390810,completed,0,0.0,0.102,0.3656,3.5959,4.1956,13.75,801
131,0,crossing_traffic,20391806,completed,0,0.0,1.1294,4.3657,3.8583,4.4126,10.3,801
131,1,crossing_traffic,20391807,completed,0,0.0,1.1262,4.3802,3.8813,4.3988,10.3,801
131,2,crossing_traffic,20391808,completed,0,0.0,1.1388,4.3546,3.8165,4.2811,10.3,801
131,3,crossing_traffic,20391809,completed,0,0.0,1.2141,4.4235,3.6369,4.2966,10.3,801
131,4,crossing_traffic,20391810,completed,0,0.0,1.1195,4.4939,4.0079,4.2811,10.3,801
132,0,crossing_traffic,20392806,completed,0,0.0,1.7181,4.566,3.4008,4.2786,10.9,801
132,1,crossing_traffic,20392807,completed,0,0.0,1.734,4.4929,3.2844,4.2957,10.9,801
132,2,crossing_traffic,20392808,completed,0,0.0,1.8701,4.4799,3.3634,4.2784,10.65,801
132,3,crossing_traffic,20392809,completed,0,0.0,1.8244,4.2932,3.3157,4.3034,10.7,801
132,4,crossing_traffic,20392810,completed,0,0.0,1.5264,4.1624,2.9871,4.3337,11.25,801
133,0,crossing_traffic,20393806,completed,0,0.0,1.0484,2.3023,3.5002,4.2005,14.2,801
133,1,crossing_traffic,20393807,completed,0,0.0,0.3893,1.5278,3.8864,4.2184,14.7,801
133,2,crossing_traffic,20393808,completed,0,0.0,0.5309,1.7094,3.1947,4.2425,14.75,801
133,3,crossing_traffic,20393809,completed,0,0.0,0.4068,1.4802,3.6014,4.2318,14.75,801
133,4,crossing_traffic,20393810,completed,0,0.0,0.601,1.8172,3.0021,4.1905,14.75,801
134,0,crossing_traffic,20394806,completed,0,0.0,1.4852,4.607,3.1019,4.2788,11.85,801
134,1,crossing_traffic,20394807,completed,0,0.0,1.5253,4.6785,3.0676,4.281,11.85,801
134,2,crossing_traffic,20394808,completed,0,0.0,1.3982,4.5623,3.2656,4.2408,11.85,801
134,3,crossing_traffic,20394809,completed,0,0.0,1.6173,4.9009,3.0296,4.3266,11.85,801
134,4,crossing_traffic,20394810,completed,0,0.0,1.4922,4.6165,3.0954,4.2998,11.85,801
135,0,crossing_traffic,20395806,completed,0,0.0,1.1208,2.3206,2.086,4.1995,14.5,801
135,1,crossing_traffic,20395807,completed,0,0.0,1.2951,2.8463,3.3438,4.2009,12.5,801
135,2,crossing_traffic,20395808,completed,0,0.0,1.2178,2.5084,3.3934,4.1975,12.55,801
135,3,crossing_traffic,20395809,completed,0,0.0,1.218,2.5729,3.4388,4.2009,12.55,801
135,4,crossing_traffic,20395810,completed,0,0.0,1.0225,2.1987,2.1704,4.1943,14.5,801
136,0,crossing_traffic,20396806,completed,0,0.0,10.0,1.0315,0.0,4.3129,27.0,801
136,1,crossing_traffic,20396807,completed,0,0.0,10.0,1.0213,0.0,4.275,24.6,801
136,2,crossing_traffic,20396808,completed,0,0.0,10.0,1.6166,0.0,4.3301,32.85,801
136,3,crossing_traffic,20396809,completed,0,0.0,10.0,1.0321,0.0,4.2659,23.95,801
136,4,crossing_traffic,20396810,completed,0,0.0,10.0,1.2963,0.0,4.3159,26.15,801
137,0,crossing_traffic,20397806,completed,0,0.0,0.9472,1.9228,2.6366,4.3476,17.1,801
137,1,crossing_traffic,20397807,completed,0,0.0,0.9144,2.0618,3.1413,4.2979,15.9,801
137,2,crossing_traffic,20397808,completed,0,0.0,1.0019,2.0684,2.6111,4.2829,17.1,801
137,3,crossing_traffic,20397809,completed,0,0.0,0.9039,1.8583,2.7382,4.2806,17.1,801
137,4,crossing_traffic,20397810,completed,0,0.0,0.8617,1.8151,2.9752,4.2747,16.95,801
138,0,crossing_traffic,20398806,collision,1,4.3438,0.0,0.0,4.0538,4.2982,19.1,383
138,1,crossing_traffic,20398807,collision,1,4.2503,0.0,0.0,3.9525,4.2763,20.0,401
138,2,crossing_traffic,20398808,collision,1,4.003,0.0,0.0,3.6861,4.3136,20.0,401
138,3,crossing_traffic,20398809,collision,1,3.8816,0.0,0.0,3.5542,4.286,20.3,407
138,4,crossing_traffic,20398810,collision,1,4.3199,0.0,0.0,4.0278,4.2717,20.0,401
139,0,crossing_traffic,20399806,completed,0,0.0,10.0,9.9296,0.0004,4.4651,8.9,801
139,1,crossing_traffic,20399807,completed,0,0.0,10.0,9.1861,0.0001,4.4385,8.65,801
139,2,crossing_traffic,20399808,completed,0,0.0,10.0,9.2576,0.0033,4.425,8.65,801
139,3,crossing_traffic,20399809,completed,0,0.0,10.0,9.3466,0.0039,4.4006,8.55,801
139,4,crossing_traffic,20399810,completed,0,0.0,10.0,8.6259,0.0004,4.4006,12.0,801
140,0,crossing_traffic,20400806,completed,0,0.0,1.173,3.784,3.2362,4.1993,13.1,801
140,1,crossing_traffic,20400807,completed,0,0.0,0.9933,3.6378,3.6715,4.187,13.1,801
140,2,crossing_traffic,20400808,completed,0,0.0,0.9907,3.3497,3.3908,4.194,13.15,801
140,3,crossing_traffic,20400809,completed,0,0.0,0.9563,3.2757,3.4365,4.2148,13.15,801
140,4,crossing_traffic,20400810,completed,0,0.0,1.0049,3.5425,3.5388,4.1906,13.1,801
141,0,crossing_traffic,20401806,completed,0,0.0,1.2985,2.6796,2.3893,4.4214,16.45,801
141,1,crossing_traffic,20401807,completed,0,0.0,0.9292,2.1588,3.2172,4.2671,16.5,801
141,2,crossing_traffic,20401808,completed,0,0.0,0.9842,2.3346,3.2454,4.2652,16.45,801
141,3,crossing_traffic,20401809,completed,0,0.0,0.9493,1.884,2.4807,4.2646,16.75,801
141,4,crossing_traffic,20401810,completed,0,0.0,1.018,2.1795,2.7577,4.2669,16.6,801
142,0,crossing_traffic,20402806,completed,0,0.0,1.613,5.4706,3.3661,4.2396,14.6,801
142,1,crossing_traffic,20402807,completed,0,0.0,2.1591,5.7888,2.6792,4.3588,14.65,801
142,2,crossing_traffic,20402808,completed,0,0.0,1.9009,5.7634,3.0106,4.4458,14.55,801
142,3,crossing_traffic,20402809,completed,0,0.0,1.868,5.8551,3.1203,4.2675,14.65,801
142,4,crossing_traffic,20402810,completed,0,0.0,3.198,7.6201,2.3566,4.2156,14.5,801
143,0,crossing_traffic,20403806,completed,0,0.0,0.4657,0.7443,1.902,4.2226,14.95,801
143,1,crossing_traffic,20403807,completed,0,0.0,0.2056,0.4742,2.3533,4.2271,15.15,801
143,2,crossing_traffic,20403808,completed,0,0.0,0.4016,0.633,2.0219,4.229,15.05,801
143,3,crossing_traffic,20403809,completed,0,0.0,0.4402,0.8918,2.0538,4.2093,15.15,801
143,4,crossing_traffic,20403810,completed,0,0.0,0.4224,0.8937,2.1402,4.2584,15.15,801
144,0,crossing_traffic,20404806,completed,0,0.0,10.0,1.8275,0.0,4.1785,11.5,801
144,1,crossing_traffic,20404807,collision,1,4.4853,0.0,0.0,4.1719,4.1894,12.15,244
144,2,crossing_traffic,20404808,completed,0,0.0,10.0,1.7232,0.0,4.1771,37.75,801
144,3,crossing_traffic,20404809,completed,0,0.0,10.0,1.7916,0.0001,4.177,11.4,801
144,4,crossing_traffic,20404810,collision,1,4.504,0.0,0.0,4.1939,4.1939,12.1,243
145,0,crossing_traffic,20405806,completed,0,0.0,1.4702,3.5666,2.7585,4.2955,12.5,801
145,1,crossing_traffic,20405807,completed,0,0.0,1.4411,4.1911,2.877,4.3371,12.65,801
145,2,crossing_traffic,20405808,completed,0,0.0,1.4898,4.1999,2.9836,4.3015,12.6,801
145,3,crossing_traffic,20405809,completed,0,0.0,1.6061,3.91,2.49,4.3226,12.6,801
145,4,crossing_traffic,20405810,completed,0,0.0,1.3773,3.7178,2.985,4.4018,12.55,801
146,0,crossing_traffic,20406806,completed,0,0.0,1.8688,5.9223,3.1828,4.274,14.05,801
146,1,crossing_traffic,20406807,completed,0,0.0,1.7588,6.0995,3.4792,4.3218,14.0,801
146,2,crossing_traffic,20406808,completed,0,0.0,1.9002,5.9498,3.1449,4.3177,14.05,801
146,3,crossing_traffic,20406809,completed,0,0.0,1.8347,6.1051,3.3398,4.4548,14.0,801
146,4,crossing_traffic,20406810,completed,0,0.0,1.89,6.0199,3.1979,4.3112,14.05,801
147,0,crossing_traffic,20407806,completed,0,0.0,0.8037,1.8166,3.4381,4.1928,15.45,801
147,1,crossing_traffic,20407807,completed,0,0.0,0.7503,1.6322,3.3918,4.1879,15.55,801
147,2,crossing_traffic,20407808,completed,0,0.0,0.765,1.6962,3.4887,4.1827,15.45,801
147,3,crossing_traffic,20407809,completed,0,0.0,0.7544,1.7237,3.6408,4.1926,15.4,801
147,4,crossing_traffic,20407810,completed,0,0.0,0.7516,1.605,3.2491,4.172,15.55,801
148,0,crossing_traffic,20408806,completed,0,0.0,3.8657,10.3656,2.7194,4.2846,13.7,801
148,1,crossing_traffic,20408807,completed,0,0.0,4.2282,10.1157,2.3692,4.2875,13.7,801
148,2,crossing_traffic,20408808,completed,0,0.0,3.1236,9.4418,2.9968,4.298,13.75,801
148,3,crossing_traffic,20408809,completed,0,0.0,4.8481,10.8831,2.3583,4.2916,13.5,801
148,4,crossing_traffic,20408810,completed,0,0.0,4.7382,10.5891,2.2719,4.2993,13.7,801
149,0,crossing_traffic,20409806,completed,0,0.0,4.1135,10.9484,3.0724,4.2751,8.1,801
149,1,crossing_traffic,20409807,completed,0,0.0,6.0718,16.8929,2.7785,4.426,8.9,801
149,2,crossing_traffic,20409808,completed,0,0.0,4.2761,13.3628,3.1226,4.2972,8.65,801
149,3,crossing_traffic,20409809,completed,0,0.0,3.7135,11.2428,3.2007,4.2784,8.45,801
149,4,crossing_traffic,20409810,completed,0,0.0,7.805,18.3993,2.4295,4.3412,8.45,801
